"JAHR","WOCHE","RAUMBEZUG","MERKMAL","WERT"
2020,09,"Münster gesamt","gemeldete Corona-Neunfizierungen in der Altersjahrgruppe 35-59",1
2020,10,"Münster gesamt","gemeldete Corona-Neunfizierungen in der Altersjahrgruppe 0-4",1
2020,10,"Münster gesamt","gemeldete Corona-Neunfizierungen in der Altersjahrgruppe 15-34",2
2020,10,"Münster gesamt","gemeldete Corona-Neunfizierungen in der Altersjahrgruppe 35-59",1
2020,11,"Münster gesamt","gemeldete Corona-Neunfizierungen in der Altersjahrgruppe 15-34",11
2020,11,"Münster gesamt","gemeldete Corona-Neunfizierungen in der Altersjahrgruppe 35-59",18
2020,11,"Münster gesamt","gemeldete Corona-Neunfizierungen in der Altersjahrgruppe 60-79",4
2020,12,"Münster gesamt","gemeldete Corona-Neunfizierungen in der Altersjahrgruppe 0-4",1
2020,12,"Münster gesamt","gemeldete Corona-Neunfizierungen in der Altersjahrgruppe 15-34",80
2020,12,"Münster gesamt","gemeldete Corona-Neunfizierungen in der Altersjahrgruppe 35-59",91
2020,12,"Münster gesamt","gemeldete Corona-Neunfizierungen in der Altersjahrgruppe 5-14",1
2020,12,"Münster gesamt","gemeldete Corona-Neunfizierungen in der Altersjahrgruppe 60-79",33
2020,12,"Münster gesamt","gemeldete Corona-Neunfizierungen in der Altersjahrgruppe 80 und mehr",4
2020,13,"Münster gesamt","gemeldete Corona-Neunfizierungen in der Altersjahrgruppe 15-34",55
2020,13,"Münster gesamt","gemeldete Corona-Neunfizierungen in der Altersjahrgruppe 35-59",73
2020,13,"Münster gesamt","gemeldete Corona-Neunfizierungen in der Altersjahrgruppe 60-79",35
2020,13,"Münster gesamt","gemeldete Corona-Neunfizierungen in der Altersjahrgruppe 80 und mehr",18
2020,14,"Münster gesamt","gemeldete Corona-Neunfizierungen in der Altersjahrgruppe 15-34",37
2020,14,"Münster gesamt","gemeldete Corona-Neunfizierungen in der Altersjahrgruppe 35-59",39
2020,14,"Münster gesamt","gemeldete Corona-Neunfizierungen in der Altersjahrgruppe 5-14",1
2020,14,"Münster gesamt","gemeldete Corona-Neunfizierungen in der Altersjahrgruppe 60-79",20
2020,14,"Münster gesamt","gemeldete Corona-Neunfizierungen in der Altersjahrgruppe 80 und mehr",4
2020,15,"Münster gesamt","gemeldete Corona-Neunfizierungen in der Altersjahrgruppe 15-34",14
2020,15,"Münster gesamt","gemeldete Corona-Neunfizierungen in der Altersjahrgruppe 35-59",23
2020,15,"Münster gesamt","gemeldete Corona-Neunfizierungen in der Altersjahrgruppe 60-79",9
2020,16,"Münster gesamt","gemeldete Corona-Neunfizierungen in der Altersjahrgruppe 15-34",9
2020,16,"Münster gesamt","gemeldete Corona-Neunfizierungen in der Altersjahrgruppe 35-59",6
2020,16,"Münster gesamt","gemeldete Corona-Neunfizierungen in der Altersjahrgruppe 60-79",5
2020,16,"Münster gesamt","gemeldete Corona-Neunfizierungen in der Altersjahrgruppe 80 und mehr",2
2020,17,"Münster gesamt","gemeldete Corona-Neunfizierungen in der Altersjahrgruppe 15-34",12
2020,17,"Münster gesamt","gemeldete Corona-Neunfizierungen in der Altersjahrgruppe 35-59",6
2020,17,"Münster gesamt","gemeldete Corona-Neunfizierungen in der Altersjahrgruppe 60-79",1
2020,18,"Münster gesamt","gemeldete Corona-Neunfizierungen in der Altersjahrgruppe 15-34",1
2020,18,"Münster gesamt","gemeldete Corona-Neunfizierungen in der Altersjahrgruppe 35-59",3
2020,18,"Münster gesamt","gemeldete Corona-Neunfizierungen in der Altersjahrgruppe 60-79",1
2020,19,"Münster gesamt","gemeldete Corona-Neunfizierungen in der Altersjahrgruppe 15-34",7
2020,19,"Münster gesamt","gemeldete Corona-Neunfizierungen in der Altersjahrgruppe 35-59",7
2020,19,"Münster gesamt","gemeldete Corona-Neunfizierungen in der Altersjahrgruppe 60-79",3
2020,20,"Münster gesamt","gemeldete Corona-Neunfizierungen in der Altersjahrgruppe 0-4",3
2020,20,"Münster gesamt","gemeldete Corona-Neunfizierungen in der Altersjahrgruppe 15-34",14
2020,20,"Münster gesamt","gemeldete Corona-Neunfizierungen in der Altersjahrgruppe 35-59",12
2020,20,"Münster gesamt","gemeldete Corona-Neunfizierungen in der Altersjahrgruppe 5-14",2
2020,21,"Münster gesamt","gemeldete Corona-Neunfizierungen in der Altersjahrgruppe 0-4",3
2020,21,"Münster gesamt","gemeldete Corona-Neunfizierungen in der Altersjahrgruppe 15-34",10
2020,21,"Münster gesamt","gemeldete Corona-Neunfizierungen in der Altersjahrgruppe 35-59",7
2020,21,"Münster gesamt","gemeldete Corona-Neunfizierungen in der Altersjahrgruppe 5-14",9
2020,22,"Münster gesamt","gemeldete Corona-Neunfizierungen in der Altersjahrgruppe 0-4",1
2020,22,"Münster gesamt","gemeldete Corona-Neunfizierungen in der Altersjahrgruppe 15-34",3
2020,23,"Münster gesamt","gemeldete Corona-Neunfizierungen in der Altersjahrgruppe 0-4",1
2020,23,"Münster gesamt","gemeldete Corona-Neunfizierungen in der Altersjahrgruppe 15-34",8
2020,23,"Münster gesamt","gemeldete Corona-Neunfizierungen in der Altersjahrgruppe 35-59",6
2020,23,"Münster gesamt","gemeldete Corona-Neunfizierungen in der Altersjahrgruppe 5-14",3
2020,23,"Münster gesamt","gemeldete Corona-Neunfizierungen in der Altersjahrgruppe 60-79",1
2020,24,"Münster gesamt","gemeldete Corona-Neunfizierungen in der Altersjahrgruppe 15-34",1
2020,24,"Münster gesamt","gemeldete Corona-Neunfizierungen in der Altersjahrgruppe 35-59",1
2020,25,"Münster gesamt","gemeldete Corona-Neunfizierungen in der Altersjahrgruppe 15-34",1
2020,25,"Münster gesamt","gemeldete Corona-Neunfizierungen in der Altersjahrgruppe 35-59",1
2020,25,"Münster gesamt","gemeldete Corona-Neunfizierungen in der Altersjahrgruppe 5-14",2
2020,26,"Münster gesamt","gemeldete Corona-Neunfizierungen in der Altersjahrgruppe 35-59",1
2020,27,"Münster gesamt","gemeldete Corona-Neunfizierungen in der Altersjahrgruppe 15-34",1
2020,27,"Münster gesamt","gemeldete Corona-Neunfizierungen in der Altersjahrgruppe 35-59",1
2020,28,"Münster gesamt","gemeldete Corona-Neunfizierungen in der Altersjahrgruppe 35-59",2
2020,28,"Münster gesamt","gemeldete Corona-Neunfizierungen in der Altersjahrgruppe 80 und mehr",1
2020,29,"Münster gesamt","gemeldete Corona-Neunfizierungen in der Altersjahrgruppe 15-34",3
2020,29,"Münster gesamt","gemeldete Corona-Neunfizierungen in der Altersjahrgruppe 35-59",1
2020,30,"Münster gesamt","gemeldete Corona-Neunfizierungen in der Altersjahrgruppe 0-4",1
2020,30,"Münster gesamt","gemeldete Corona-Neunfizierungen in der Altersjahrgruppe 15-34",4
2020,30,"Münster gesamt","gemeldete Corona-Neunfizierungen in der Altersjahrgruppe 35-59",7
2020,30,"Münster gesamt","gemeldete Corona-Neunfizierungen in der Altersjahrgruppe 5-14",2
2020,31,"Münster gesamt","gemeldete Corona-Neunfizierungen in der Altersjahrgruppe 0-4",1
2020,31,"Münster gesamt","gemeldete Corona-Neunfizierungen in der Altersjahrgruppe 15-34",11
2020,31,"Münster gesamt","gemeldete Corona-Neunfizierungen in der Altersjahrgruppe 35-59",9
2020,31,"Münster gesamt","gemeldete Corona-Neunfizierungen in der Altersjahrgruppe 5-14",3
2020,32,"Münster gesamt","gemeldete Corona-Neunfizierungen in der Altersjahrgruppe 0-4",3
2020,32,"Münster gesamt","gemeldete Corona-Neunfizierungen in der Altersjahrgruppe 15-34",20
2020,32,"Münster gesamt","gemeldete Corona-Neunfizierungen in der Altersjahrgruppe 35-59",16
2020,32,"Münster gesamt","gemeldete Corona-Neunfizierungen in der Altersjahrgruppe 5-14",13
2020,32,"Münster gesamt","gemeldete Corona-Neunfizierungen in der Altersjahrgruppe 60-79",5
2020,33,"Münster gesamt","gemeldete Corona-Neunfizierungen in der Altersjahrgruppe 15-34",30
2020,33,"Münster gesamt","gemeldete Corona-Neunfizierungen in der Altersjahrgruppe 35-59",9
2020,33,"Münster gesamt","gemeldete Corona-Neunfizierungen in der Altersjahrgruppe 5-14",7
2020,33,"Münster gesamt","gemeldete Corona-Neunfizierungen in der Altersjahrgruppe 60-79",1
2020,34,"Münster gesamt","gemeldete Corona-Neunfizierungen in der Altersjahrgruppe 0-4",1
2020,34,"Münster gesamt","gemeldete Corona-Neunfizierungen in der Altersjahrgruppe 15-34",21
2020,34,"Münster gesamt","gemeldete Corona-Neunfizierungen in der Altersjahrgruppe 35-59",3
2020,34,"Münster gesamt","gemeldete Corona-Neunfizierungen in der Altersjahrgruppe 60-79",1
2020,35,"Münster gesamt","gemeldete Corona-Neunfizierungen in der Altersjahrgruppe 0-4",1
2020,35,"Münster gesamt","gemeldete Corona-Neunfizierungen in der Altersjahrgruppe 15-34",17
2020,35,"Münster gesamt","gemeldete Corona-Neunfizierungen in der Altersjahrgruppe 35-59",5
2020,35,"Münster gesamt","gemeldete Corona-Neunfizierungen in der Altersjahrgruppe 60-79",1
2020,36,"Münster gesamt","gemeldete Corona-Neunfizierungen in der Altersjahrgruppe 15-34",12
2020,36,"Münster gesamt","gemeldete Corona-Neunfizierungen in der Altersjahrgruppe 35-59",5
2020,36,"Münster gesamt","gemeldete Corona-Neunfizierungen in der Altersjahrgruppe 60-79",1
2020,37,"Münster gesamt","gemeldete Corona-Neunfizierungen in der Altersjahrgruppe 15-34",12
2020,37,"Münster gesamt","gemeldete Corona-Neunfizierungen in der Altersjahrgruppe 35-59",8
2020,37,"Münster gesamt","gemeldete Corona-Neunfizierungen in der Altersjahrgruppe 80 und mehr",1
2020,38,"Münster gesamt","gemeldete Corona-Neunfizierungen in der Altersjahrgruppe 15-34",17
2020,38,"Münster gesamt","gemeldete Corona-Neunfizierungen in der Altersjahrgruppe 35-59",7
2020,38,"Münster gesamt","gemeldete Corona-Neunfizierungen in der Altersjahrgruppe 5-14",2
2020,38,"Münster gesamt","gemeldete Corona-Neunfizierungen in der Altersjahrgruppe 60-79",1
2020,39,"Münster gesamt","gemeldete Corona-Neunfizierungen in der Altersjahrgruppe 0-4",1
2020,39,"Münster gesamt","gemeldete Corona-Neunfizierungen in der Altersjahrgruppe 15-34",39
2020,39,"Münster gesamt","gemeldete Corona-Neunfizierungen in der Altersjahrgruppe 35-59",11
2020,39,"Münster gesamt","gemeldete Corona-Neunfizierungen in der Altersjahrgruppe 5-14",2
2020,39,"Münster gesamt","gemeldete Corona-Neunfizierungen in der Altersjahrgruppe 60-79",1
2020,40,"Münster gesamt","gemeldete Corona-Neunfizierungen in der Altersjahrgruppe 15-34",49
2020,40,"Münster gesamt","gemeldete Corona-Neunfizierungen in der Altersjahrgruppe 35-59",20
2020,40,"Münster gesamt","gemeldete Corona-Neunfizierungen in der Altersjahrgruppe 5-14",1
2020,40,"Münster gesamt","gemeldete Corona-Neunfizierungen in der Altersjahrgruppe 60-79",12
2020,41,"Münster gesamt","gemeldete Corona-Neunfizierungen in der Altersjahrgruppe 15-34",46
2020,41,"Münster gesamt","gemeldete Corona-Neunfizierungen in der Altersjahrgruppe 35-59",31
2020,41,"Münster gesamt","gemeldete Corona-Neunfizierungen in der Altersjahrgruppe 5-14",5
2020,41,"Münster gesamt","gemeldete Corona-Neunfizierungen in der Altersjahrgruppe 60-79",8
2020,41,"Münster gesamt","gemeldete Corona-Neunfizierungen in der Altersjahrgruppe 80 und mehr",3
2020,42,"Münster gesamt","gemeldete Corona-Neunfizierungen in der Altersjahrgruppe 0-4",1
2020,42,"Münster gesamt","gemeldete Corona-Neunfizierungen in der Altersjahrgruppe 15-34",41
2020,42,"Münster gesamt","gemeldete Corona-Neunfizierungen in der Altersjahrgruppe 35-59",38
2020,42,"Münster gesamt","gemeldete Corona-Neunfizierungen in der Altersjahrgruppe 60-79",17
2020,42,"Münster gesamt","gemeldete Corona-Neunfizierungen in der Altersjahrgruppe 80 und mehr",1
2020,43,"Münster gesamt","gemeldete Corona-Neunfizierungen in der Altersjahrgruppe 0-4",2
2020,43,"Münster gesamt","gemeldete Corona-Neunfizierungen in der Altersjahrgruppe 15-34",96
2020,43,"Münster gesamt","gemeldete Corona-Neunfizierungen in der Altersjahrgruppe 35-59",66
2020,43,"Münster gesamt","gemeldete Corona-Neunfizierungen in der Altersjahrgruppe 5-14",8
2020,43,"Münster gesamt","gemeldete Corona-Neunfizierungen in der Altersjahrgruppe 60-79",28
2020,43,"Münster gesamt","gemeldete Corona-Neunfizierungen in der Altersjahrgruppe 80 und mehr",19
2020,44,"Münster gesamt","gemeldete Corona-Neunfizierungen in der Altersjahrgruppe 0-4",4
2020,44,"Münster gesamt","gemeldete Corona-Neunfizierungen in der Altersjahrgruppe 15-34",185
2020,44,"Münster gesamt","gemeldete Corona-Neunfizierungen in der Altersjahrgruppe 35-59",139
2020,44,"Münster gesamt","gemeldete Corona-Neunfizierungen in der Altersjahrgruppe 5-14",10
2020,44,"Münster gesamt","gemeldete Corona-Neunfizierungen in der Altersjahrgruppe 60-79",34
2020,44,"Münster gesamt","gemeldete Corona-Neunfizierungen in der Altersjahrgruppe 80 und mehr",8
2020,45,"Münster gesamt","gemeldete Corona-Neunfizierungen in der Altersjahrgruppe 0-4",12
2020,45,"Münster gesamt","gemeldete Corona-Neunfizierungen in der Altersjahrgruppe 15-34",133
2020,45,"Münster gesamt","gemeldete Corona-Neunfizierungen in der Altersjahrgruppe 35-59",122
2020,45,"Münster gesamt","gemeldete Corona-Neunfizierungen in der Altersjahrgruppe 5-14",26
2020,45,"Münster gesamt","gemeldete Corona-Neunfizierungen in der Altersjahrgruppe 60-79",24
2020,45,"Münster gesamt","gemeldete Corona-Neunfizierungen in der Altersjahrgruppe 80 und mehr",9
2020,46,"Münster gesamt","gemeldete Corona-Neunfizierungen in der Altersjahrgruppe 0-4",4
2020,46,"Münster gesamt","gemeldete Corona-Neunfizierungen in der Altersjahrgruppe 15-34",106
2020,46,"Münster gesamt","gemeldete Corona-Neunfizierungen in der Altersjahrgruppe 35-59",74
2020,46,"Münster gesamt","gemeldete Corona-Neunfizierungen in der Altersjahrgruppe 5-14",28
2020,46,"Münster gesamt","gemeldete Corona-Neunfizierungen in der Altersjahrgruppe 60-79",18
2020,46,"Münster gesamt","gemeldete Corona-Neunfizierungen in der Altersjahrgruppe 80 und mehr",19
2020,47,"Münster gesamt","gemeldete Corona-Neunfizierungen in der Altersjahrgruppe 0-4",3
2020,47,"Münster gesamt","gemeldete Corona-Neunfizierungen in der Altersjahrgruppe 15-34",85
2020,47,"Münster gesamt","gemeldete Corona-Neunfizierungen in der Altersjahrgruppe 35-59",89
2020,47,"Münster gesamt","gemeldete Corona-Neunfizierungen in der Altersjahrgruppe 5-14",16
2020,47,"Münster gesamt","gemeldete Corona-Neunfizierungen in der Altersjahrgruppe 60-79",33
2020,47,"Münster gesamt","gemeldete Corona-Neunfizierungen in der Altersjahrgruppe 80 und mehr",12
2020,48,"Münster gesamt","gemeldete Corona-Neunfizierungen in der Altersjahrgruppe 0-4",4
2020,48,"Münster gesamt","gemeldete Corona-Neunfizierungen in der Altersjahrgruppe 15-34",80
2020,48,"Münster gesamt","gemeldete Corona-Neunfizierungen in der Altersjahrgruppe 35-59",60
2020,48,"Münster gesamt","gemeldete Corona-Neunfizierungen in der Altersjahrgruppe 5-14",19
2020,48,"Münster gesamt","gemeldete Corona-Neunfizierungen in der Altersjahrgruppe 60-79",21
2020,48,"Münster gesamt","gemeldete Corona-Neunfizierungen in der Altersjahrgruppe 80 und mehr",5
2020,49,"Münster gesamt","gemeldete Corona-Neunfizierungen in der Altersjahrgruppe 0-4",2
2020,49,"Münster gesamt","gemeldete Corona-Neunfizierungen in der Altersjahrgruppe 15-34",70
2020,49,"Münster gesamt","gemeldete Corona-Neunfizierungen in der Altersjahrgruppe 35-59",58
2020,49,"Münster gesamt","gemeldete Corona-Neunfizierungen in der Altersjahrgruppe 5-14",16
2020,49,"Münster gesamt","gemeldete Corona-Neunfizierungen in der Altersjahrgruppe 60-79",28
2020,49,"Münster gesamt","gemeldete Corona-Neunfizierungen in der Altersjahrgruppe 80 und mehr",9
2020,50,"Münster gesamt","gemeldete Corona-Neunfizierungen in der Altersjahrgruppe 0-4",4
2020,50,"Münster gesamt","gemeldete Corona-Neunfizierungen in der Altersjahrgruppe 15-34",120
2020,50,"Münster gesamt","gemeldete Corona-Neunfizierungen in der Altersjahrgruppe 35-59",139
2020,50,"Münster gesamt","gemeldete Corona-Neunfizierungen in der Altersjahrgruppe 5-14",19
2020,50,"Münster gesamt","gemeldete Corona-Neunfizierungen in der Altersjahrgruppe 60-79",23
2020,50,"Münster gesamt","gemeldete Corona-Neunfizierungen in der Altersjahrgruppe 80 und mehr",10
2020,51,"Münster gesamt","gemeldete Corona-Neunfizierungen in der Altersjahrgruppe 0-4",9
2020,51,"Münster gesamt","gemeldete Corona-Neunfizierungen in der Altersjahrgruppe 15-34",136
2020,51,"Münster gesamt","gemeldete Corona-Neunfizierungen in der Altersjahrgruppe 35-59",119
2020,51,"Münster gesamt","gemeldete Corona-Neunfizierungen in der Altersjahrgruppe 5-14",18
2020,51,"Münster gesamt","gemeldete Corona-Neunfizierungen in der Altersjahrgruppe 60-79",59
2020,51,"Münster gesamt","gemeldete Corona-Neunfizierungen in der Altersjahrgruppe 80 und mehr",52
2020,52,"Münster gesamt","gemeldete Corona-Neunfizierungen in der Altersjahrgruppe 0-4",4
2020,52,"Münster gesamt","gemeldete Corona-Neunfizierungen in der Altersjahrgruppe 15-34",142
2020,52,"Münster gesamt","gemeldete Corona-Neunfizierungen in der Altersjahrgruppe 35-59",100
2020,52,"Münster gesamt","gemeldete Corona-Neunfizierungen in der Altersjahrgruppe 5-14",7
2020,52,"Münster gesamt","gemeldete Corona-Neunfizierungen in der Altersjahrgruppe 60-79",39
2020,52,"Münster gesamt","gemeldete Corona-Neunfizierungen in der Altersjahrgruppe 80 und mehr",35
2020,53,"Münster gesamt","gemeldete Corona-Neunfizierungen in der Altersjahrgruppe 0-4",4
2020,53,"Münster gesamt","gemeldete Corona-Neunfizierungen in der Altersjahrgruppe 15-34",131
2020,53,"Münster gesamt","gemeldete Corona-Neunfizierungen in der Altersjahrgruppe 35-59",90
2020,53,"Münster gesamt","gemeldete Corona-Neunfizierungen in der Altersjahrgruppe 5-14",5
2020,53,"Münster gesamt","gemeldete Corona-Neunfizierungen in der Altersjahrgruppe 60-79",56
2020,53,"Münster gesamt","gemeldete Corona-Neunfizierungen in der Altersjahrgruppe 80 und mehr",31
2021,01,"Münster gesamt","gemeldete Corona-Neunfizierungen in der Altersjahrgruppe 0-4",9
2021,01,"Münster gesamt","gemeldete Corona-Neunfizierungen in der Altersjahrgruppe 15-34",102
2021,01,"Münster gesamt","gemeldete Corona-Neunfizierungen in der Altersjahrgruppe 35-59",90
2021,01,"Münster gesamt","gemeldete Corona-Neunfizierungen in der Altersjahrgruppe 5-14",10
2021,01,"Münster gesamt","gemeldete Corona-Neunfizierungen in der Altersjahrgruppe 60-79",30
2021,01,"Münster gesamt","gemeldete Corona-Neunfizierungen in der Altersjahrgruppe 80 und mehr",28
2021,02,"Münster gesamt","gemeldete Corona-Neunfizierungen in der Altersjahrgruppe 0-4",3
2021,02,"Münster gesamt","gemeldete Corona-Neunfizierungen in der Altersjahrgruppe 15-34",83
2021,02,"Münster gesamt","gemeldete Corona-Neunfizierungen in der Altersjahrgruppe 35-59",61
2021,02,"Münster gesamt","gemeldete Corona-Neunfizierungen in der Altersjahrgruppe 5-14",9
2021,02,"Münster gesamt","gemeldete Corona-Neunfizierungen in der Altersjahrgruppe 60-79",16
2021,02,"Münster gesamt","gemeldete Corona-Neunfizierungen in der Altersjahrgruppe 80 und mehr",11
2021,03,"Münster gesamt","gemeldete Corona-Neunfizierungen in der Altersjahrgruppe 0-4",2
2021,03,"Münster gesamt","gemeldete Corona-Neunfizierungen in der Altersjahrgruppe 15-34",47
2021,03,"Münster gesamt","gemeldete Corona-Neunfizierungen in der Altersjahrgruppe 35-59",46
2021,03,"Münster gesamt","gemeldete Corona-Neunfizierungen in der Altersjahrgruppe 5-14",13
2021,03,"Münster gesamt","gemeldete Corona-Neunfizierungen in der Altersjahrgruppe 60-79",18
2021,03,"Münster gesamt","gemeldete Corona-Neunfizierungen in der Altersjahrgruppe 80 und mehr",8
2021,04,"Münster gesamt","gemeldete Corona-Neunfizierungen in der Altersjahrgruppe 0-4",5
2021,04,"Münster gesamt","gemeldete Corona-Neunfizierungen in der Altersjahrgruppe 15-34",50
2021,04,"Münster gesamt","gemeldete Corona-Neunfizierungen in der Altersjahrgruppe 35-59",38
2021,04,"Münster gesamt","gemeldete Corona-Neunfizierungen in der Altersjahrgruppe 5-14",4
2021,04,"Münster gesamt","gemeldete Corona-Neunfizierungen in der Altersjahrgruppe 60-79",10
2021,04,"Münster gesamt","gemeldete Corona-Neunfizierungen in der Altersjahrgruppe 80 und mehr",4
2021,05,"Münster gesamt","gemeldete Corona-Neunfizierungen in der Altersjahrgruppe 0-4",4
2021,05,"Münster gesamt","gemeldete Corona-Neunfizierungen in der Altersjahrgruppe 15-34",34
2021,05,"Münster gesamt","gemeldete Corona-Neunfizierungen in der Altersjahrgruppe 35-59",32
2021,05,"Münster gesamt","gemeldete Corona-Neunfizierungen in der Altersjahrgruppe 5-14",6
2021,05,"Münster gesamt","gemeldete Corona-Neunfizierungen in der Altersjahrgruppe 60-79",11
2021,05,"Münster gesamt","gemeldete Corona-Neunfizierungen in der Altersjahrgruppe 80 und mehr",2
2021,06,"Münster gesamt","gemeldete Corona-Neunfizierungen in der Altersjahrgruppe 0-4",1
2021,06,"Münster gesamt","gemeldete Corona-Neunfizierungen in der Altersjahrgruppe 15-34",24
2021,06,"Münster gesamt","gemeldete Corona-Neunfizierungen in der Altersjahrgruppe 35-59",19
2021,06,"Münster gesamt","gemeldete Corona-Neunfizierungen in der Altersjahrgruppe 60-79",7
2021,06,"Münster gesamt","gemeldete Corona-Neunfizierungen in der Altersjahrgruppe 80 und mehr",2
2021,07,"Münster gesamt","gemeldete Corona-Neunfizierungen in der Altersjahrgruppe 0-4",3
2021,07,"Münster gesamt","gemeldete Corona-Neunfizierungen in der Altersjahrgruppe 15-34",25
2021,07,"Münster gesamt","gemeldete Corona-Neunfizierungen in der Altersjahrgruppe 35-59",37
2021,07,"Münster gesamt","gemeldete Corona-Neunfizierungen in der Altersjahrgruppe 5-14",8
2021,07,"Münster gesamt","gemeldete Corona-Neunfizierungen in der Altersjahrgruppe 60-79",7
2021,07,"Münster gesamt","gemeldete Corona-Neunfizierungen in der Altersjahrgruppe 80 und mehr",2
2021,08,"Münster gesamt","gemeldete Corona-Neunfizierungen in der Altersjahrgruppe 0-4",6
2021,08,"Münster gesamt","gemeldete Corona-Neunfizierungen in der Altersjahrgruppe 15-34",41
2021,08,"Münster gesamt","gemeldete Corona-Neunfizierungen in der Altersjahrgruppe 35-59",31
2021,08,"Münster gesamt","gemeldete Corona-Neunfizierungen in der Altersjahrgruppe 5-14",16
2021,08,"Münster gesamt","gemeldete Corona-Neunfizierungen in der Altersjahrgruppe 60-79",8
2021,08,"Münster gesamt","gemeldete Corona-Neunfizierungen in der Altersjahrgruppe 80 und mehr",3
2021,09,"Münster gesamt","gemeldete Corona-Neunfizierungen in der Altersjahrgruppe 0-4",7
2021,09,"Münster gesamt","gemeldete Corona-Neunfizierungen in der Altersjahrgruppe 15-34",55
2021,09,"Münster gesamt","gemeldete Corona-Neunfizierungen in der Altersjahrgruppe 35-59",45
2021,09,"Münster gesamt","gemeldete Corona-Neunfizierungen in der Altersjahrgruppe 5-14",23
2021,09,"Münster gesamt","gemeldete Corona-Neunfizierungen in der Altersjahrgruppe 60-79",9
2021,09,"Münster gesamt","gemeldete Corona-Neunfizierungen in der Altersjahrgruppe 80 und mehr",3
2021,10,"Münster gesamt","gemeldete Corona-Neunfizierungen in der Altersjahrgruppe 0-4",11
2021,10,"Münster gesamt","gemeldete Corona-Neunfizierungen in der Altersjahrgruppe 15-34",58
2021,10,"Münster gesamt","gemeldete Corona-Neunfizierungen in der Altersjahrgruppe 35-59",42
2021,10,"Münster gesamt","gemeldete Corona-Neunfizierungen in der Altersjahrgruppe 5-14",24
2021,10,"Münster gesamt","gemeldete Corona-Neunfizierungen in der Altersjahrgruppe 60-79",13
2021,10,"Münster gesamt","gemeldete Corona-Neunfizierungen in der Altersjahrgruppe 80 und mehr",2
2021,11,"Münster gesamt","gemeldete Corona-Neunfizierungen in der Altersjahrgruppe 0-4",18
2021,11,"Münster gesamt","gemeldete Corona-Neunfizierungen in der Altersjahrgruppe 15-34",89
2021,11,"Münster gesamt","gemeldete Corona-Neunfizierungen in der Altersjahrgruppe 35-59",103
2021,11,"Münster gesamt","gemeldete Corona-Neunfizierungen in der Altersjahrgruppe 5-14",37
2021,11,"Münster gesamt","gemeldete Corona-Neunfizierungen in der Altersjahrgruppe 60-79",17
2021,11,"Münster gesamt","gemeldete Corona-Neunfizierungen in der Altersjahrgruppe 80 und mehr",5
2021,12,"Münster gesamt","gemeldete Corona-Neunfizierungen in der Altersjahrgruppe 0-4",13
2021,12,"Münster gesamt","gemeldete Corona-Neunfizierungen in der Altersjahrgruppe 15-34",92
2021,12,"Münster gesamt","gemeldete Corona-Neunfizierungen in der Altersjahrgruppe 35-59",72
2021,12,"Münster gesamt","gemeldete Corona-Neunfizierungen in der Altersjahrgruppe 5-14",36
2021,12,"Münster gesamt","gemeldete Corona-Neunfizierungen in der Altersjahrgruppe 60-79",14
2021,12,"Münster gesamt","gemeldete Corona-Neunfizierungen in der Altersjahrgruppe 80 und mehr",1
2021,13,"Münster gesamt","gemeldete Corona-Neunfizierungen in der Altersjahrgruppe 0-4",16
2021,13,"Münster gesamt","gemeldete Corona-Neunfizierungen in der Altersjahrgruppe 15-34",91
2021,13,"Münster gesamt","gemeldete Corona-Neunfizierungen in der Altersjahrgruppe 35-59",58
2021,13,"Münster gesamt","gemeldete Corona-Neunfizierungen in der Altersjahrgruppe 5-14",31
2021,13,"Münster gesamt","gemeldete Corona-Neunfizierungen in der Altersjahrgruppe 60-79",19
2021,13,"Münster gesamt","gemeldete Corona-Neunfizierungen in der Altersjahrgruppe 80 und mehr",1
2021,14,"Münster gesamt","gemeldete Corona-Neunfizierungen in der Altersjahrgruppe 0-4",14
2021,14,"Münster gesamt","gemeldete Corona-Neunfizierungen in der Altersjahrgruppe 15-34",125
2021,14,"Münster gesamt","gemeldete Corona-Neunfizierungen in der Altersjahrgruppe 35-59",96
2021,14,"Münster gesamt","gemeldete Corona-Neunfizierungen in der Altersjahrgruppe 5-14",34
2021,14,"Münster gesamt","gemeldete Corona-Neunfizierungen in der Altersjahrgruppe 60-79",30
2021,14,"Münster gesamt","gemeldete Corona-Neunfizierungen in der Altersjahrgruppe 80 und mehr",2
2021,15,"Münster gesamt","gemeldete Corona-Neunfizierungen in der Altersjahrgruppe 0-4",17
2021,15,"Münster gesamt","gemeldete Corona-Neunfizierungen in der Altersjahrgruppe 15-34",148
2021,15,"Münster gesamt","gemeldete Corona-Neunfizierungen in der Altersjahrgruppe 35-59",97
2021,15,"Münster gesamt","gemeldete Corona-Neunfizierungen in der Altersjahrgruppe 5-14",49
2021,15,"Münster gesamt","gemeldete Corona-Neunfizierungen in der Altersjahrgruppe 60-79",27
2021,15,"Münster gesamt","gemeldete Corona-Neunfizierungen in der Altersjahrgruppe 80 und mehr",3
2021,16,"Münster gesamt","gemeldete Corona-Neunfizierungen in der Altersjahrgruppe 0-4",16
2021,16,"Münster gesamt","gemeldete Corona-Neunfizierungen in der Altersjahrgruppe 15-34",145
2021,16,"Münster gesamt","gemeldete Corona-Neunfizierungen in der Altersjahrgruppe 35-59",112
2021,16,"Münster gesamt","gemeldete Corona-Neunfizierungen in der Altersjahrgruppe 5-14",59
2021,16,"Münster gesamt","gemeldete Corona-Neunfizierungen in der Altersjahrgruppe 60-79",19
2021,16,"Münster gesamt","gemeldete Corona-Neunfizierungen in der Altersjahrgruppe 80 und mehr",5
2021,17,"Münster gesamt","gemeldete Corona-Neunfizierungen in der Altersjahrgruppe 0-4",17
2021,17,"Münster gesamt","gemeldete Corona-Neunfizierungen in der Altersjahrgruppe 15-34",94
2021,17,"Münster gesamt","gemeldete Corona-Neunfizierungen in der Altersjahrgruppe 35-59",84
2021,17,"Münster gesamt","gemeldete Corona-Neunfizierungen in der Altersjahrgruppe 5-14",40
2021,17,"Münster gesamt","gemeldete Corona-Neunfizierungen in der Altersjahrgruppe 60-79",21
2021,17,"Münster gesamt","gemeldete Corona-Neunfizierungen in der Altersjahrgruppe 80 und mehr",6
2021,18,"Münster gesamt","gemeldete Corona-Neunfizierungen in der Altersjahrgruppe 0-4",19
2021,18,"Münster gesamt","gemeldete Corona-Neunfizierungen in der Altersjahrgruppe 15-34",56
2021,18,"Münster gesamt","gemeldete Corona-Neunfizierungen in der Altersjahrgruppe 35-59",49
2021,18,"Münster gesamt","gemeldete Corona-Neunfizierungen in der Altersjahrgruppe 5-14",38
2021,18,"Münster gesamt","gemeldete Corona-Neunfizierungen in der Altersjahrgruppe 60-79",16
2021,18,"Münster gesamt","gemeldete Corona-Neunfizierungen in der Altersjahrgruppe 80 und mehr",2
2021,19,"Münster gesamt","gemeldete Corona-Neunfizierungen in der Altersjahrgruppe 0-4",4
2021,19,"Münster gesamt","gemeldete Corona-Neunfizierungen in der Altersjahrgruppe 15-34",30
2021,19,"Münster gesamt","gemeldete Corona-Neunfizierungen in der Altersjahrgruppe 35-59",19
2021,19,"Münster gesamt","gemeldete Corona-Neunfizierungen in der Altersjahrgruppe 5-14",8
2021,19,"Münster gesamt","gemeldete Corona-Neunfizierungen in der Altersjahrgruppe 60-79",9
2021,19,"Münster gesamt","gemeldete Corona-Neunfizierungen in der Altersjahrgruppe 80 und mehr",1
2021,20,"Münster gesamt","gemeldete Corona-Neunfizierungen in der Altersjahrgruppe 0-4",3
2021,20,"Münster gesamt","gemeldete Corona-Neunfizierungen in der Altersjahrgruppe 15-34",29
2021,20,"Münster gesamt","gemeldete Corona-Neunfizierungen in der Altersjahrgruppe 35-59",19
2021,20,"Münster gesamt","gemeldete Corona-Neunfizierungen in der Altersjahrgruppe 5-14",8
2021,20,"Münster gesamt","gemeldete Corona-Neunfizierungen in der Altersjahrgruppe 60-79",1
2021,20,"Münster gesamt","gemeldete Corona-Neunfizierungen in der Altersjahrgruppe 80 und mehr",1
2021,21,"Münster gesamt","gemeldete Corona-Neunfizierungen in der Altersjahrgruppe 15-34",32
2021,21,"Münster gesamt","gemeldete Corona-Neunfizierungen in der Altersjahrgruppe 35-59",13
2021,21,"Münster gesamt","gemeldete Corona-Neunfizierungen in der Altersjahrgruppe 5-14",3
2021,21,"Münster gesamt","gemeldete Corona-Neunfizierungen in der Altersjahrgruppe 60-79",3
2021,22,"Münster gesamt","gemeldete Corona-Neunfizierungen in der Altersjahrgruppe 0-4",1
2021,22,"Münster gesamt","gemeldete Corona-Neunfizierungen in der Altersjahrgruppe 15-34",4
2021,22,"Münster gesamt","gemeldete Corona-Neunfizierungen in der Altersjahrgruppe 35-59",10
2021,22,"Münster gesamt","gemeldete Corona-Neunfizierungen in der Altersjahrgruppe 5-14",6
2021,23,"Münster gesamt","gemeldete Corona-Neunfizierungen in der Altersjahrgruppe 0-4",1
2021,23,"Münster gesamt","gemeldete Corona-Neunfizierungen in der Altersjahrgruppe 15-34",11
2021,23,"Münster gesamt","gemeldete Corona-Neunfizierungen in der Altersjahrgruppe 35-59",4
2021,23,"Münster gesamt","gemeldete Corona-Neunfizierungen in der Altersjahrgruppe 5-14",5
2021,23,"Münster gesamt","gemeldete Corona-Neunfizierungen in der Altersjahrgruppe 60-79",1
2021,24,"Münster gesamt","gemeldete Corona-Neunfizierungen in der Altersjahrgruppe 0-4",1
2021,24,"Münster gesamt","gemeldete Corona-Neunfizierungen in der Altersjahrgruppe 15-34",5
2021,24,"Münster gesamt","gemeldete Corona-Neunfizierungen in der Altersjahrgruppe 35-59",3
2021,25,"Münster gesamt","gemeldete Corona-Neunfizierungen in der Altersjahrgruppe 15-34",7
2021,25,"Münster gesamt","gemeldete Corona-Neunfizierungen in der Altersjahrgruppe 35-59",1
2021,26,"Münster gesamt","gemeldete Corona-Neunfizierungen in der Altersjahrgruppe 0-4",1
2021,26,"Münster gesamt","gemeldete Corona-Neunfizierungen in der Altersjahrgruppe 15-34",9
2021,26,"Münster gesamt","gemeldete Corona-Neunfizierungen in der Altersjahrgruppe 5-14",3
2021,26,"Münster gesamt","gemeldete Corona-Neunfizierungen in der Altersjahrgruppe 60-79",2
2021,26,"Münster gesamt","gemeldete Corona-Neunfizierungen in der Altersjahrgruppe 80 und mehr",2
2021,27,"Münster gesamt","gemeldete Corona-Neunfizierungen in der Altersjahrgruppe 0-4",1
2021,27,"Münster gesamt","gemeldete Corona-Neunfizierungen in der Altersjahrgruppe 15-34",27
2021,27,"Münster gesamt","gemeldete Corona-Neunfizierungen in der Altersjahrgruppe 35-59",9
2021,27,"Münster gesamt","gemeldete Corona-Neunfizierungen in der Altersjahrgruppe 5-14",2
2021,27,"Münster gesamt","gemeldete Corona-Neunfizierungen in der Altersjahrgruppe 60-79",1
2021,28,"Münster gesamt","gemeldete Corona-Neunfizierungen in der Altersjahrgruppe 0-4",1
2021,28,"Münster gesamt","gemeldete Corona-Neunfizierungen in der Altersjahrgruppe 15-34",41
2021,28,"Münster gesamt","gemeldete Corona-Neunfizierungen in der Altersjahrgruppe 35-59",4
2021,28,"Münster gesamt","gemeldete Corona-Neunfizierungen in der Altersjahrgruppe 60-79",1
2021,29,"Münster gesamt","gemeldete Corona-Neunfizierungen in der Altersjahrgruppe 0-4",1
2021,29,"Münster gesamt","gemeldete Corona-Neunfizierungen in der Altersjahrgruppe 15-34",30
2021,29,"Münster gesamt","gemeldete Corona-Neunfizierungen in der Altersjahrgruppe 35-59",14
2021,29,"Münster gesamt","gemeldete Corona-Neunfizierungen in der Altersjahrgruppe 5-14",3
2021,29,"Münster gesamt","gemeldete Corona-Neunfizierungen in der Altersjahrgruppe 60-79",2
2021,29,"Münster gesamt","gemeldete Corona-Neunfizierungen in der Altersjahrgruppe 80 und mehr",1
2021,30,"Münster gesamt","gemeldete Corona-Neunfizierungen in der Altersjahrgruppe 15-34",31
2021,30,"Münster gesamt","gemeldete Corona-Neunfizierungen in der Altersjahrgruppe 35-59",22
2021,30,"Münster gesamt","gemeldete Corona-Neunfizierungen in der Altersjahrgruppe 5-14",8
2021,30,"Münster gesamt","gemeldete Corona-Neunfizierungen in der Altersjahrgruppe 60-79",4
2021,31,"Münster gesamt","gemeldete Corona-Neunfizierungen in der Altersjahrgruppe 0-4",3
2021,31,"Münster gesamt","gemeldete Corona-Neunfizierungen in der Altersjahrgruppe 15-34",35
2021,31,"Münster gesamt","gemeldete Corona-Neunfizierungen in der Altersjahrgruppe 35-59",27
2021,31,"Münster gesamt","gemeldete Corona-Neunfizierungen in der Altersjahrgruppe 5-14",16
2021,31,"Münster gesamt","gemeldete Corona-Neunfizierungen in der Altersjahrgruppe 60-79",3
2021,31,"Münster gesamt","gemeldete Corona-Neunfizierungen in der Altersjahrgruppe 80 und mehr",2
2021,32,"Münster gesamt","gemeldete Corona-Neunfizierungen in der Altersjahrgruppe 0-4",7
2021,32,"Münster gesamt","gemeldete Corona-Neunfizierungen in der Altersjahrgruppe 15-34",54
2021,32,"Münster gesamt","gemeldete Corona-Neunfizierungen in der Altersjahrgruppe 35-59",46
2021,32,"Münster gesamt","gemeldete Corona-Neunfizierungen in der Altersjahrgruppe 5-14",20
2021,32,"Münster gesamt","gemeldete Corona-Neunfizierungen in der Altersjahrgruppe 60-79",5
2021,33,"Münster gesamt","gemeldete Corona-Neunfizierungen in der Altersjahrgruppe 0-4",14
2021,33,"Münster gesamt","gemeldete Corona-Neunfizierungen in der Altersjahrgruppe 15-34",80
2021,33,"Münster gesamt","gemeldete Corona-Neunfizierungen in der Altersjahrgruppe 35-59",51
2021,33,"Münster gesamt","gemeldete Corona-Neunfizierungen in der Altersjahrgruppe 5-14",50
2021,33,"Münster gesamt","gemeldete Corona-Neunfizierungen in der Altersjahrgruppe 60-79",12
2021,33,"Münster gesamt","gemeldete Corona-Neunfizierungen in der Altersjahrgruppe 80 und mehr",3
2021,34,"Münster gesamt","gemeldete Corona-Neunfizierungen in der Altersjahrgruppe 0-4",12
2021,34,"Münster gesamt","gemeldete Corona-Neunfizierungen in der Altersjahrgruppe 15-34",90
2021,34,"Münster gesamt","gemeldete Corona-Neunfizierungen in der Altersjahrgruppe 35-59",65
2021,34,"Münster gesamt","gemeldete Corona-Neunfizierungen in der Altersjahrgruppe 5-14",52
2021,34,"Münster gesamt","gemeldete Corona-Neunfizierungen in der Altersjahrgruppe 60-79",11
2021,34,"Münster gesamt","gemeldete Corona-Neunfizierungen in der Altersjahrgruppe 80 und mehr",4
2021,35,"Münster gesamt","gemeldete Corona-Neunfizierungen in der Altersjahrgruppe 0-4",16
2021,35,"Münster gesamt","gemeldete Corona-Neunfizierungen in der Altersjahrgruppe 15-34",75
2021,35,"Münster gesamt","gemeldete Corona-Neunfizierungen in der Altersjahrgruppe 35-59",50
2021,35,"Münster gesamt","gemeldete Corona-Neunfizierungen in der Altersjahrgruppe 5-14",41
2021,35,"Münster gesamt","gemeldete Corona-Neunfizierungen in der Altersjahrgruppe 60-79",10
2021,35,"Münster gesamt","gemeldete Corona-Neunfizierungen in der Altersjahrgruppe 80 und mehr",4
2021,36,"Münster gesamt","gemeldete Corona-Neunfizierungen in der Altersjahrgruppe 0-4",12
2021,36,"Münster gesamt","gemeldete Corona-Neunfizierungen in der Altersjahrgruppe 15-34",112
2021,36,"Münster gesamt","gemeldete Corona-Neunfizierungen in der Altersjahrgruppe 35-59",43
2021,36,"Münster gesamt","gemeldete Corona-Neunfizierungen in der Altersjahrgruppe 5-14",37
2021,36,"Münster gesamt","gemeldete Corona-Neunfizierungen in der Altersjahrgruppe 60-79",13
2021,36,"Münster gesamt","gemeldete Corona-Neunfizierungen in der Altersjahrgruppe 80 und mehr",1
2021,37,"Münster gesamt","gemeldete Corona-Neunfizierungen in der Altersjahrgruppe 0-4",16
2021,37,"Münster gesamt","gemeldete Corona-Neunfizierungen in der Altersjahrgruppe 15-34",51
2021,37,"Münster gesamt","gemeldete Corona-Neunfizierungen in der Altersjahrgruppe 35-59",41
2021,37,"Münster gesamt","gemeldete Corona-Neunfizierungen in der Altersjahrgruppe 5-14",50
2021,37,"Münster gesamt","gemeldete Corona-Neunfizierungen in der Altersjahrgruppe 60-79",13
2021,37,"Münster gesamt","gemeldete Corona-Neunfizierungen in der Altersjahrgruppe 80 und mehr",4
2021,38,"Münster gesamt","gemeldete Corona-Neunfizierungen in der Altersjahrgruppe 0-4",4
2021,38,"Münster gesamt","gemeldete Corona-Neunfizierungen in der Altersjahrgruppe 15-34",52
2021,38,"Münster gesamt","gemeldete Corona-Neunfizierungen in der Altersjahrgruppe 35-59",51
2021,38,"Münster gesamt","gemeldete Corona-Neunfizierungen in der Altersjahrgruppe 5-14",27
2021,38,"Münster gesamt","gemeldete Corona-Neunfizierungen in der Altersjahrgruppe 60-79",11
2021,38,"Münster gesamt","gemeldete Corona-Neunfizierungen in der Altersjahrgruppe 80 und mehr",10
2021,39,"Münster gesamt","gemeldete Corona-Neunfizierungen in der Altersjahrgruppe 0-4",5
2021,39,"Münster gesamt","gemeldete Corona-Neunfizierungen in der Altersjahrgruppe 15-34",25
2021,39,"Münster gesamt","gemeldete Corona-Neunfizierungen in der Altersjahrgruppe 35-59",27
2021,39,"Münster gesamt","gemeldete Corona-Neunfizierungen in der Altersjahrgruppe 5-14",16
2021,39,"Münster gesamt","gemeldete Corona-Neunfizierungen in der Altersjahrgruppe 60-79",5
2021,39,"Münster gesamt","gemeldete Corona-Neunfizierungen in der Altersjahrgruppe 80 und mehr",1
2021,40,"Münster gesamt","gemeldete Corona-Neunfizierungen in der Altersjahrgruppe 0-4",8
2021,40,"Münster gesamt","gemeldete Corona-Neunfizierungen in der Altersjahrgruppe 15-34",38
2021,40,"Münster gesamt","gemeldete Corona-Neunfizierungen in der Altersjahrgruppe 35-59",24
2021,40,"Münster gesamt","gemeldete Corona-Neunfizierungen in der Altersjahrgruppe 5-14",19
2021,40,"Münster gesamt","gemeldete Corona-Neunfizierungen in der Altersjahrgruppe 60-79",8
2021,40,"Münster gesamt","gemeldete Corona-Neunfizierungen in der Altersjahrgruppe 80 und mehr",11
2021,41,"Münster gesamt","gemeldete Corona-Neunfizierungen in der Altersjahrgruppe 0-4",3
2021,41,"Münster gesamt","gemeldete Corona-Neunfizierungen in der Altersjahrgruppe 15-34",44
2021,41,"Münster gesamt","gemeldete Corona-Neunfizierungen in der Altersjahrgruppe 35-59",24
2021,41,"Münster gesamt","gemeldete Corona-Neunfizierungen in der Altersjahrgruppe 5-14",14
2021,41,"Münster gesamt","gemeldete Corona-Neunfizierungen in der Altersjahrgruppe 60-79",14
2021,41,"Münster gesamt","gemeldete Corona-Neunfizierungen in der Altersjahrgruppe 80 und mehr",9
2021,42,"Münster gesamt","gemeldete Corona-Neunfizierungen in der Altersjahrgruppe 0-4",4
2021,42,"Münster gesamt","gemeldete Corona-Neunfizierungen in der Altersjahrgruppe 15-34",84
2021,42,"Münster gesamt","gemeldete Corona-Neunfizierungen in der Altersjahrgruppe 35-59",48
2021,42,"Münster gesamt","gemeldete Corona-Neunfizierungen in der Altersjahrgruppe 5-14",24
2021,42,"Münster gesamt","gemeldete Corona-Neunfizierungen in der Altersjahrgruppe 60-79",21
2021,42,"Münster gesamt","gemeldete Corona-Neunfizierungen in der Altersjahrgruppe 80 und mehr",9
2021,43,"Münster gesamt","gemeldete Corona-Neunfizierungen in der Altersjahrgruppe 0-4",8
2021,43,"Münster gesamt","gemeldete Corona-Neunfizierungen in der Altersjahrgruppe 15-34",88
2021,43,"Münster gesamt","gemeldete Corona-Neunfizierungen in der Altersjahrgruppe 35-59",102
2021,43,"Münster gesamt","gemeldete Corona-Neunfizierungen in der Altersjahrgruppe 5-14",57
2021,43,"Münster gesamt","gemeldete Corona-Neunfizierungen in der Altersjahrgruppe 60-79",24
2021,43,"Münster gesamt","gemeldete Corona-Neunfizierungen in der Altersjahrgruppe 80 und mehr",5
2021,44,"Münster gesamt","gemeldete Corona-Neunfizierungen in der Altersjahrgruppe 0-4",10
2021,44,"Münster gesamt","gemeldete Corona-Neunfizierungen in der Altersjahrgruppe 15-34",86
2021,44,"Münster gesamt","gemeldete Corona-Neunfizierungen in der Altersjahrgruppe 35-59",122
2021,44,"Münster gesamt","gemeldete Corona-Neunfizierungen in der Altersjahrgruppe 5-14",75
2021,44,"Münster gesamt","gemeldete Corona-Neunfizierungen in der Altersjahrgruppe 60-79",20
2021,44,"Münster gesamt","gemeldete Corona-Neunfizierungen in der Altersjahrgruppe 80 und mehr",6
2021,45,"Münster gesamt","gemeldete Corona-Neunfizierungen in der Altersjahrgruppe 0-4",13
2021,45,"Münster gesamt","gemeldete Corona-Neunfizierungen in der Altersjahrgruppe 15-34",147
2021,45,"Münster gesamt","gemeldete Corona-Neunfizierungen in der Altersjahrgruppe 35-59",152
2021,45,"Münster gesamt","gemeldete Corona-Neunfizierungen in der Altersjahrgruppe 5-14",77
2021,45,"Münster gesamt","gemeldete Corona-Neunfizierungen in der Altersjahrgruppe 60-79",45
2021,45,"Münster gesamt","gemeldete Corona-Neunfizierungen in der Altersjahrgruppe 80 und mehr",10
2021,46,"Münster gesamt","gemeldete Corona-Neunfizierungen in der Altersjahrgruppe 0-4",5
2021,46,"Münster gesamt","gemeldete Corona-Neunfizierungen in der Altersjahrgruppe 15-34",196
2021,46,"Münster gesamt","gemeldete Corona-Neunfizierungen in der Altersjahrgruppe 35-59",167
2021,46,"Münster gesamt","gemeldete Corona-Neunfizierungen in der Altersjahrgruppe 5-14",87
2021,46,"Münster gesamt","gemeldete Corona-Neunfizierungen in der Altersjahrgruppe 60-79",25
2021,46,"Münster gesamt","gemeldete Corona-Neunfizierungen in der Altersjahrgruppe 80 und mehr",10
2021,47,"Münster gesamt","gemeldete Corona-Neunfizierungen in der Altersjahrgruppe 0-4",27
2021,47,"Münster gesamt","gemeldete Corona-Neunfizierungen in der Altersjahrgruppe 15-34",200
2021,47,"Münster gesamt","gemeldete Corona-Neunfizierungen in der Altersjahrgruppe 35-59",219
2021,47,"Münster gesamt","gemeldete Corona-Neunfizierungen in der Altersjahrgruppe 5-14",90
2021,47,"Münster gesamt","gemeldete Corona-Neunfizierungen in der Altersjahrgruppe 60-79",46
2021,47,"Münster gesamt","gemeldete Corona-Neunfizierungen in der Altersjahrgruppe 80 und mehr",3
2021,48,"Münster gesamt","gemeldete Corona-Neunfizierungen in der Altersjahrgruppe 0-4",14
2021,48,"Münster gesamt","gemeldete Corona-Neunfizierungen in der Altersjahrgruppe 15-34",211
2021,48,"Münster gesamt","gemeldete Corona-Neunfizierungen in der Altersjahrgruppe 35-59",148
2021,48,"Münster gesamt","gemeldete Corona-Neunfizierungen in der Altersjahrgruppe 5-14",86
2021,48,"Münster gesamt","gemeldete Corona-Neunfizierungen in der Altersjahrgruppe 60-79",47
2021,48,"Münster gesamt","gemeldete Corona-Neunfizierungen in der Altersjahrgruppe 80 und mehr",5
2021,49,"Münster gesamt","gemeldete Corona-Neunfizierungen in der Altersjahrgruppe 0-4",22
2021,49,"Münster gesamt","gemeldete Corona-Neunfizierungen in der Altersjahrgruppe 15-34",198
2021,49,"Münster gesamt","gemeldete Corona-Neunfizierungen in der Altersjahrgruppe 35-59",136
2021,49,"Münster gesamt","gemeldete Corona-Neunfizierungen in der Altersjahrgruppe 5-14",89
2021,49,"Münster gesamt","gemeldete Corona-Neunfizierungen in der Altersjahrgruppe 60-79",34
2021,49,"Münster gesamt","gemeldete Corona-Neunfizierungen in der Altersjahrgruppe 80 und mehr",3
2021,50,"Münster gesamt","gemeldete Corona-Neunfizierungen in der Altersjahrgruppe 0-4",15
2021,50,"Münster gesamt","gemeldete Corona-Neunfizierungen in der Altersjahrgruppe 15-34",153
2021,50,"Münster gesamt","gemeldete Corona-Neunfizierungen in der Altersjahrgruppe 35-59",129
2021,50,"Münster gesamt","gemeldete Corona-Neunfizierungen in der Altersjahrgruppe 5-14",50
2021,50,"Münster gesamt","gemeldete Corona-Neunfizierungen in der Altersjahrgruppe 60-79",36
2021,50,"Münster gesamt","gemeldete Corona-Neunfizierungen in der Altersjahrgruppe 80 und mehr",9
2021,51,"Münster gesamt","gemeldete Corona-Neunfizierungen in der Altersjahrgruppe 0-4",8
2021,51,"Münster gesamt","gemeldete Corona-Neunfizierungen in der Altersjahrgruppe 15-34",246
2021,51,"Münster gesamt","gemeldete Corona-Neunfizierungen in der Altersjahrgruppe 35-59",134
2021,51,"Münster gesamt","gemeldete Corona-Neunfizierungen in der Altersjahrgruppe 5-14",65
2021,51,"Münster gesamt","gemeldete Corona-Neunfizierungen in der Altersjahrgruppe 60-79",31
2021,51,"Münster gesamt","gemeldete Corona-Neunfizierungen in der Altersjahrgruppe 80 und mehr",8
2021,52,"Münster gesamt","gemeldete Corona-Neunfizierungen in der Altersjahrgruppe 0-4",39
2021,52,"Münster gesamt","gemeldete Corona-Neunfizierungen in der Altersjahrgruppe 15-34",539
2021,52,"Münster gesamt","gemeldete Corona-Neunfizierungen in der Altersjahrgruppe 35-59",269
2021,52,"Münster gesamt","gemeldete Corona-Neunfizierungen in der Altersjahrgruppe 5-14",93
2021,52,"Münster gesamt","gemeldete Corona-Neunfizierungen in der Altersjahrgruppe 60-79",64
2021,52,"Münster gesamt","gemeldete Corona-Neunfizierungen in der Altersjahrgruppe 80 und mehr",13
2022,01,"Münster gesamt","gemeldete Corona-Neunfizierungen in der Altersjahrgruppe 0-4",36
2022,01,"Münster gesamt","gemeldete Corona-Neunfizierungen in der Altersjahrgruppe 15-34",855
2022,01,"Münster gesamt","gemeldete Corona-Neunfizierungen in der Altersjahrgruppe 35-59",389
2022,01,"Münster gesamt","gemeldete Corona-Neunfizierungen in der Altersjahrgruppe 5-14",116
2022,01,"Münster gesamt","gemeldete Corona-Neunfizierungen in der Altersjahrgruppe 60-79",86
2022,01,"Münster gesamt","gemeldete Corona-Neunfizierungen in der Altersjahrgruppe 80 und mehr",18
2022,02,"Münster gesamt","gemeldete Corona-Neunfizierungen in der Altersjahrgruppe 0-4",63
2022,02,"Münster gesamt","gemeldete Corona-Neunfizierungen in der Altersjahrgruppe 15-34",824
2022,02,"Münster gesamt","gemeldete Corona-Neunfizierungen in der Altersjahrgruppe 35-59",511
2022,02,"Münster gesamt","gemeldete Corona-Neunfizierungen in der Altersjahrgruppe 5-14",269
2022,02,"Münster gesamt","gemeldete Corona-Neunfizierungen in der Altersjahrgruppe 60-79",85
2022,02,"Münster gesamt","gemeldete Corona-Neunfizierungen in der Altersjahrgruppe 80 und mehr",30
2022,03,"Münster gesamt","gemeldete Corona-Neunfizierungen in der Altersjahrgruppe 0-4",93
2022,03,"Münster gesamt","gemeldete Corona-Neunfizierungen in der Altersjahrgruppe 15-34",891
2022,03,"Münster gesamt","gemeldete Corona-Neunfizierungen in der Altersjahrgruppe 35-59",548
2022,03,"Münster gesamt","gemeldete Corona-Neunfizierungen in der Altersjahrgruppe 5-14",345
2022,03,"Münster gesamt","gemeldete Corona-Neunfizierungen in der Altersjahrgruppe 60-79",106
2022,03,"Münster gesamt","gemeldete Corona-Neunfizierungen in der Altersjahrgruppe 80 und mehr",44
2022,03,"Münster gesamt","gemeldete Corona-Neunfizierungen in der Altersjahrgruppe Alter unbekannt",1
2022,04,"Münster gesamt","gemeldete Corona-Neunfizierungen in der Altersjahrgruppe 0-4",183
2022,04,"Münster gesamt","gemeldete Corona-Neunfizierungen in der Altersjahrgruppe 15-34",1420
2022,04,"Münster gesamt","gemeldete Corona-Neunfizierungen in der Altersjahrgruppe 35-59",1218
2022,04,"Münster gesamt","gemeldete Corona-Neunfizierungen in der Altersjahrgruppe 5-14",841
2022,04,"Münster gesamt","gemeldete Corona-Neunfizierungen in der Altersjahrgruppe 60-79",203
2022,04,"Münster gesamt","gemeldete Corona-Neunfizierungen in der Altersjahrgruppe 80 und mehr",73
2022,05,"Münster gesamt","gemeldete Corona-Neunfizierungen in der Altersjahrgruppe 0-4",154
2022,05,"Münster gesamt","gemeldete Corona-Neunfizierungen in der Altersjahrgruppe 15-34",1278
2022,05,"Münster gesamt","gemeldete Corona-Neunfizierungen in der Altersjahrgruppe 35-59",1185
2022,05,"Münster gesamt","gemeldete Corona-Neunfizierungen in der Altersjahrgruppe 5-14",674
2022,05,"Münster gesamt","gemeldete Corona-Neunfizierungen in der Altersjahrgruppe 60-79",215
2022,05,"Münster gesamt","gemeldete Corona-Neunfizierungen in der Altersjahrgruppe 80 und mehr",79
2022,05,"Münster gesamt","gemeldete Corona-Neunfizierungen in der Altersjahrgruppe Alter unbekannt",1
2022,06,"Münster gesamt","gemeldete Corona-Neunfizierungen in der Altersjahrgruppe 0-4",185
2022,06,"Münster gesamt","gemeldete Corona-Neunfizierungen in der Altersjahrgruppe 15-34",1742
2022,06,"Münster gesamt","gemeldete Corona-Neunfizierungen in der Altersjahrgruppe 35-59",1422
2022,06,"Münster gesamt","gemeldete Corona-Neunfizierungen in der Altersjahrgruppe 5-14",917
2022,06,"Münster gesamt","gemeldete Corona-Neunfizierungen in der Altersjahrgruppe 60-79",267
2022,06,"Münster gesamt","gemeldete Corona-Neunfizierungen in der Altersjahrgruppe 80 und mehr",74
2022,07,"Münster gesamt","gemeldete Corona-Neunfizierungen in der Altersjahrgruppe 0-4",203
2022,07,"Münster gesamt","gemeldete Corona-Neunfizierungen in der Altersjahrgruppe 15-34",1484
2022,07,"Münster gesamt","gemeldete Corona-Neunfizierungen in der Altersjahrgruppe 35-59",1177
2022,07,"Münster gesamt","gemeldete Corona-Neunfizierungen in der Altersjahrgruppe 5-14",610
2022,07,"Münster gesamt","gemeldete Corona-Neunfizierungen in der Altersjahrgruppe 60-79",238
2022,07,"Münster gesamt","gemeldete Corona-Neunfizierungen in der Altersjahrgruppe 80 und mehr",88
2022,07,"Münster gesamt","gemeldete Corona-Neunfizierungen in der Altersjahrgruppe Alter unbekannt",1
2022,08,"Münster gesamt","gemeldete Corona-Neunfizierungen in der Altersjahrgruppe 0-4",215
2022,08,"Münster gesamt","gemeldete Corona-Neunfizierungen in der Altersjahrgruppe 15-34",1603
2022,08,"Münster gesamt","gemeldete Corona-Neunfizierungen in der Altersjahrgruppe 35-59",1128
2022,08,"Münster gesamt","gemeldete Corona-Neunfizierungen in der Altersjahrgruppe 5-14",529
2022,08,"Münster gesamt","gemeldete Corona-Neunfizierungen in der Altersjahrgruppe 60-79",255
2022,08,"Münster gesamt","gemeldete Corona-Neunfizierungen in der Altersjahrgruppe 80 und mehr",94
2022,09,"Münster gesamt","gemeldete Corona-Neunfizierungen in der Altersjahrgruppe 0-4",140
2022,09,"Münster gesamt","gemeldete Corona-Neunfizierungen in der Altersjahrgruppe 15-34",1810
2022,09,"Münster gesamt","gemeldete Corona-Neunfizierungen in der Altersjahrgruppe 35-59",1095
2022,09,"Münster gesamt","gemeldete Corona-Neunfizierungen in der Altersjahrgruppe 5-14",388
2022,09,"Münster gesamt","gemeldete Corona-Neunfizierungen in der Altersjahrgruppe 60-79",267
2022,09,"Münster gesamt","gemeldete Corona-Neunfizierungen in der Altersjahrgruppe 80 und mehr",88
2022,10,"Münster gesamt","gemeldete Corona-Neunfizierungen in der Altersjahrgruppe 0-4",158
2022,10,"Münster gesamt","gemeldete Corona-Neunfizierungen in der Altersjahrgruppe 15-34",2570
2022,10,"Münster gesamt","gemeldete Corona-Neunfizierungen in der Altersjahrgruppe 35-59",1381
2022,10,"Münster gesamt","gemeldete Corona-Neunfizierungen in der Altersjahrgruppe 5-14",521
2022,10,"Münster gesamt","gemeldete Corona-Neunfizierungen in der Altersjahrgruppe 60-79",303
2022,10,"Münster gesamt","gemeldete Corona-Neunfizierungen in der Altersjahrgruppe 80 und mehr",89
2022,10,"Münster gesamt","gemeldete Corona-Neunfizierungen in der Altersjahrgruppe Alter unbekannt",2
2022,11,"Münster gesamt","gemeldete Corona-Neunfizierungen in der Altersjahrgruppe 0-4",215
2022,11,"Münster gesamt","gemeldete Corona-Neunfizierungen in der Altersjahrgruppe 15-34",3077
2022,11,"Münster gesamt","gemeldete Corona-Neunfizierungen in der Altersjahrgruppe 35-59",2077
2022,11,"Münster gesamt","gemeldete Corona-Neunfizierungen in der Altersjahrgruppe 5-14",756
2022,11,"Münster gesamt","gemeldete Corona-Neunfizierungen in der Altersjahrgruppe 60-79",541
2022,11,"Münster gesamt","gemeldete Corona-Neunfizierungen in der Altersjahrgruppe 80 und mehr",117
2022,11,"Münster gesamt","gemeldete Corona-Neunfizierungen in der Altersjahrgruppe Alter unbekannt",2
2022,12,"Münster gesamt","gemeldete Corona-Neunfizierungen in der Altersjahrgruppe 0-4",293
2022,12,"Münster gesamt","gemeldete Corona-Neunfizierungen in der Altersjahrgruppe 15-34",3339
2022,12,"Münster gesamt","gemeldete Corona-Neunfizierungen in der Altersjahrgruppe 35-59",2705
2022,12,"Münster gesamt","gemeldete Corona-Neunfizierungen in der Altersjahrgruppe 5-14",904
2022,12,"Münster gesamt","gemeldete Corona-Neunfizierungen in der Altersjahrgruppe 60-79",856
2022,12,"Münster gesamt","gemeldete Corona-Neunfizierungen in der Altersjahrgruppe 80 und mehr",155
2022,12,"Münster gesamt","gemeldete Corona-Neunfizierungen in der Altersjahrgruppe Alter unbekannt",2
2022,13,"Münster gesamt","gemeldete Corona-Neunfizierungen in der Altersjahrgruppe 0-4",199
2022,13,"Münster gesamt","gemeldete Corona-Neunfizierungen in der Altersjahrgruppe 15-34",2231
2022,13,"Münster gesamt","gemeldete Corona-Neunfizierungen in der Altersjahrgruppe 35-59",1942
2022,13,"Münster gesamt","gemeldete Corona-Neunfizierungen in der Altersjahrgruppe 5-14",658
2022,13,"Münster gesamt","gemeldete Corona-Neunfizierungen in der Altersjahrgruppe 60-79",591
2022,13,"Münster gesamt","gemeldete Corona-Neunfizierungen in der Altersjahrgruppe 80 und mehr",118
2022,13,"Münster gesamt","gemeldete Corona-Neunfizierungen in der Altersjahrgruppe Alter unbekannt",1
2022,14,"Münster gesamt","gemeldete Corona-Neunfizierungen in der Altersjahrgruppe 0-4",163
2022,14,"Münster gesamt","gemeldete Corona-Neunfizierungen in der Altersjahrgruppe 15-34",2535
2022,14,"Münster gesamt","gemeldete Corona-Neunfizierungen in der Altersjahrgruppe 35-59",1856
2022,14,"Münster gesamt","gemeldete Corona-Neunfizierungen in der Altersjahrgruppe 5-14",592
2022,14,"Münster gesamt","gemeldete Corona-Neunfizierungen in der Altersjahrgruppe 60-79",464
2022,14,"Münster gesamt","gemeldete Corona-Neunfizierungen in der Altersjahrgruppe 80 und mehr",131
2022,15,"Münster gesamt","gemeldete Corona-Neunfizierungen in der Altersjahrgruppe 0-4",154
2022,15,"Münster gesamt","gemeldete Corona-Neunfizierungen in der Altersjahrgruppe 15-34",1766
2022,15,"Münster gesamt","gemeldete Corona-Neunfizierungen in der Altersjahrgruppe 35-59",994
2022,15,"Münster gesamt","gemeldete Corona-Neunfizierungen in der Altersjahrgruppe 5-14",275
2022,15,"Münster gesamt","gemeldete Corona-Neunfizierungen in der Altersjahrgruppe 60-79",338
2022,15,"Münster gesamt","gemeldete Corona-Neunfizierungen in der Altersjahrgruppe 80 und mehr",95
2022,16,"Münster gesamt","gemeldete Corona-Neunfizierungen in der Altersjahrgruppe 0-4",96
2022,16,"Münster gesamt","gemeldete Corona-Neunfizierungen in der Altersjahrgruppe 15-34",2501
2022,16,"Münster gesamt","gemeldete Corona-Neunfizierungen in der Altersjahrgruppe 35-59",2068
2022,16,"Münster gesamt","gemeldete Corona-Neunfizierungen in der Altersjahrgruppe 5-14",400
2022,16,"Münster gesamt","gemeldete Corona-Neunfizierungen in der Altersjahrgruppe 60-79",543
2022,16,"Münster gesamt","gemeldete Corona-Neunfizierungen in der Altersjahrgruppe 80 und mehr",109
2022,16,"Münster gesamt","gemeldete Corona-Neunfizierungen in der Altersjahrgruppe Alter unbekannt",1
2022,17,"Münster gesamt","gemeldete Corona-Neunfizierungen in der Altersjahrgruppe 0-4",61
2022,17,"Münster gesamt","gemeldete Corona-Neunfizierungen in der Altersjahrgruppe 15-34",1336
2022,17,"Münster gesamt","gemeldete Corona-Neunfizierungen in der Altersjahrgruppe 35-59",1108
2022,17,"Münster gesamt","gemeldete Corona-Neunfizierungen in der Altersjahrgruppe 5-14",278
2022,17,"Münster gesamt","gemeldete Corona-Neunfizierungen in der Altersjahrgruppe 60-79",329
2022,17,"Münster gesamt","gemeldete Corona-Neunfizierungen in der Altersjahrgruppe 80 und mehr",72
2022,17,"Münster gesamt","gemeldete Corona-Neunfizierungen in der Altersjahrgruppe Alter unbekannt",1
2022,18,"Münster gesamt","gemeldete Corona-Neunfizierungen in der Altersjahrgruppe 0-4",78
2022,18,"Münster gesamt","gemeldete Corona-Neunfizierungen in der Altersjahrgruppe 15-34",909
2022,18,"Münster gesamt","gemeldete Corona-Neunfizierungen in der Altersjahrgruppe 35-59",742
2022,18,"Münster gesamt","gemeldete Corona-Neunfizierungen in der Altersjahrgruppe 5-14",206
2022,18,"Münster gesamt","gemeldete Corona-Neunfizierungen in der Altersjahrgruppe 60-79",230
2022,18,"Münster gesamt","gemeldete Corona-Neunfizierungen in der Altersjahrgruppe 80 und mehr",60
2022,19,"Münster gesamt","gemeldete Corona-Neunfizierungen in der Altersjahrgruppe 0-4",38
2022,19,"Münster gesamt","gemeldete Corona-Neunfizierungen in der Altersjahrgruppe 15-34",642
2022,19,"Münster gesamt","gemeldete Corona-Neunfizierungen in der Altersjahrgruppe 35-59",612
2022,19,"Münster gesamt","gemeldete Corona-Neunfizierungen in der Altersjahrgruppe 5-14",155
2022,19,"Münster gesamt","gemeldete Corona-Neunfizierungen in der Altersjahrgruppe 60-79",188
2022,19,"Münster gesamt","gemeldete Corona-Neunfizierungen in der Altersjahrgruppe 80 und mehr",43
2022,20,"Münster gesamt","gemeldete Corona-Neunfizierungen in der Altersjahrgruppe 0-4",37
2022,20,"Münster gesamt","gemeldete Corona-Neunfizierungen in der Altersjahrgruppe 15-34",545
2022,20,"Münster gesamt","gemeldete Corona-Neunfizierungen in der Altersjahrgruppe 35-59",473
2022,20,"Münster gesamt","gemeldete Corona-Neunfizierungen in der Altersjahrgruppe 5-14",101
2022,20,"Münster gesamt","gemeldete Corona-Neunfizierungen in der Altersjahrgruppe 60-79",139
2022,20,"Münster gesamt","gemeldete Corona-Neunfizierungen in der Altersjahrgruppe 80 und mehr",31
2022,21,"Münster gesamt","gemeldete Corona-Neunfizierungen in der Altersjahrgruppe 0-4",25
2022,21,"Münster gesamt","gemeldete Corona-Neunfizierungen in der Altersjahrgruppe 15-34",459
2022,21,"Münster gesamt","gemeldete Corona-Neunfizierungen in der Altersjahrgruppe 35-59",411
2022,21,"Münster gesamt","gemeldete Corona-Neunfizierungen in der Altersjahrgruppe 5-14",77
2022,21,"Münster gesamt","gemeldete Corona-Neunfizierungen in der Altersjahrgruppe 60-79",124
2022,21,"Münster gesamt","gemeldete Corona-Neunfizierungen in der Altersjahrgruppe 80 und mehr",37
2022,22,"Münster gesamt","gemeldete Corona-Neunfizierungen in der Altersjahrgruppe 0-4",23
2022,22,"Münster gesamt","gemeldete Corona-Neunfizierungen in der Altersjahrgruppe 15-34",726
2022,22,"Münster gesamt","gemeldete Corona-Neunfizierungen in der Altersjahrgruppe 35-59",556
2022,22,"Münster gesamt","gemeldete Corona-Neunfizierungen in der Altersjahrgruppe 5-14",103
2022,22,"Münster gesamt","gemeldete Corona-Neunfizierungen in der Altersjahrgruppe 60-79",157
2022,22,"Münster gesamt","gemeldete Corona-Neunfizierungen in der Altersjahrgruppe 80 und mehr",28
2022,23,"Münster gesamt","gemeldete Corona-Neunfizierungen in der Altersjahrgruppe 0-4",34
2022,23,"Münster gesamt","gemeldete Corona-Neunfizierungen in der Altersjahrgruppe 15-34",925
2022,23,"Münster gesamt","gemeldete Corona-Neunfizierungen in der Altersjahrgruppe 35-59",813
2022,23,"Münster gesamt","gemeldete Corona-Neunfizierungen in der Altersjahrgruppe 5-14",128
2022,23,"Münster gesamt","gemeldete Corona-Neunfizierungen in der Altersjahrgruppe 60-79",206
2022,23,"Münster gesamt","gemeldete Corona-Neunfizierungen in der Altersjahrgruppe 80 und mehr",51
2022,24,"Münster gesamt","gemeldete Corona-Neunfizierungen in der Altersjahrgruppe 0-4",62
2022,24,"Münster gesamt","gemeldete Corona-Neunfizierungen in der Altersjahrgruppe 15-34",1184
2022,24,"Münster gesamt","gemeldete Corona-Neunfizierungen in der Altersjahrgruppe 35-59",961
2022,24,"Münster gesamt","gemeldete Corona-Neunfizierungen in der Altersjahrgruppe 5-14",183
2022,24,"Münster gesamt","gemeldete Corona-Neunfizierungen in der Altersjahrgruppe 60-79",286
2022,24,"Münster gesamt","gemeldete Corona-Neunfizierungen in der Altersjahrgruppe 80 und mehr",40
2022,25,"Münster gesamt","gemeldete Corona-Neunfizierungen in der Altersjahrgruppe 0-4",49
2022,25,"Münster gesamt","gemeldete Corona-Neunfizierungen in der Altersjahrgruppe 15-34",1591
2022,25,"Münster gesamt","gemeldete Corona-Neunfizierungen in der Altersjahrgruppe 35-59",1267
2022,25,"Münster gesamt","gemeldete Corona-Neunfizierungen in der Altersjahrgruppe 5-14",185
2022,25,"Münster gesamt","gemeldete Corona-Neunfizierungen in der Altersjahrgruppe 60-79",395
2022,25,"Münster gesamt","gemeldete Corona-Neunfizierungen in der Altersjahrgruppe 80 und mehr",78
2022,25,"Münster gesamt","gemeldete Corona-Neunfizierungen ohne Altersangabe",1
2022,26,"Münster gesamt","gemeldete Corona-Neunfizierungen in der Altersjahrgruppe 0-4",60
2022,26,"Münster gesamt","gemeldete Corona-Neunfizierungen in der Altersjahrgruppe 15-34",1137
2022,26,"Münster gesamt","gemeldete Corona-Neunfizierungen in der Altersjahrgruppe 35-59",1210
2022,26,"Münster gesamt","gemeldete Corona-Neunfizierungen in der Altersjahrgruppe 5-14",148
2022,26,"Münster gesamt","gemeldete Corona-Neunfizierungen in der Altersjahrgruppe 60-79",420
2022,26,"Münster gesamt","gemeldete Corona-Neunfizierungen in der Altersjahrgruppe 80 und mehr",85
2022,27,"Münster gesamt","gemeldete Corona-Neunfizierungen in der Altersjahrgruppe 0-4",54
2022,27,"Münster gesamt","gemeldete Corona-Neunfizierungen in der Altersjahrgruppe 15-34",898
2022,27,"Münster gesamt","gemeldete Corona-Neunfizierungen in der Altersjahrgruppe 35-59",861
2022,27,"Münster gesamt","gemeldete Corona-Neunfizierungen in der Altersjahrgruppe 5-14",73
2022,27,"Münster gesamt","gemeldete Corona-Neunfizierungen in der Altersjahrgruppe 60-79",352
2022,27,"Münster gesamt","gemeldete Corona-Neunfizierungen in der Altersjahrgruppe 80 und mehr",75
2022,28,"Münster gesamt","gemeldete Corona-Neunfizierungen in der Altersjahrgruppe 0-4",34
2022,28,"Münster gesamt","gemeldete Corona-Neunfizierungen in der Altersjahrgruppe 15-34",882
2022,28,"Münster gesamt","gemeldete Corona-Neunfizierungen in der Altersjahrgruppe 35-59",852
2022,28,"Münster gesamt","gemeldete Corona-Neunfizierungen in der Altersjahrgruppe 5-14",71
2022,28,"Münster gesamt","gemeldete Corona-Neunfizierungen in der Altersjahrgruppe 60-79",315
2022,28,"Münster gesamt","gemeldete Corona-Neunfizierungen in der Altersjahrgruppe 80 und mehr",68
2022,29,"Münster gesamt","gemeldete Corona-Neunfizierungen in der Altersjahrgruppe 0-4",30
2022,29,"Münster gesamt","gemeldete Corona-Neunfizierungen in der Altersjahrgruppe 15-34",698
2022,29,"Münster gesamt","gemeldete Corona-Neunfizierungen in der Altersjahrgruppe 35-59",828
2022,29,"Münster gesamt","gemeldete Corona-Neunfizierungen in der Altersjahrgruppe 5-14",77
2022,29,"Münster gesamt","gemeldete Corona-Neunfizierungen in der Altersjahrgruppe 60-79",308
2022,29,"Münster gesamt","gemeldete Corona-Neunfizierungen in der Altersjahrgruppe 80 und mehr",100
2022,30,"Münster gesamt","gemeldete Corona-Neunfizierungen in der Altersjahrgruppe 0-4",28
2022,30,"Münster gesamt","gemeldete Corona-Neunfizierungen in der Altersjahrgruppe 15-34",577
2022,30,"Münster gesamt","gemeldete Corona-Neunfizierungen in der Altersjahrgruppe 35-59",604
2022,30,"Münster gesamt","gemeldete Corona-Neunfizierungen in der Altersjahrgruppe 5-14",68
2022,30,"Münster gesamt","gemeldete Corona-Neunfizierungen in der Altersjahrgruppe 60-79",197
2022,30,"Münster gesamt","gemeldete Corona-Neunfizierungen in der Altersjahrgruppe 80 und mehr",67
2022,31,"Münster gesamt","gemeldete Corona-Neunfizierungen in der Altersjahrgruppe 0-4",30
2022,31,"Münster gesamt","gemeldete Corona-Neunfizierungen in der Altersjahrgruppe 15-34",498
2022,31,"Münster gesamt","gemeldete Corona-Neunfizierungen in der Altersjahrgruppe 35-59",565
2022,31,"Münster gesamt","gemeldete Corona-Neunfizierungen in der Altersjahrgruppe 5-14",70
2022,31,"Münster gesamt","gemeldete Corona-Neunfizierungen in der Altersjahrgruppe 60-79",206
2022,31,"Münster gesamt","gemeldete Corona-Neunfizierungen in der Altersjahrgruppe 80 und mehr",81
2022,32,"Münster gesamt","gemeldete Corona-Neunfizierungen in der Altersjahrgruppe 0-4",37
2022,32,"Münster gesamt","gemeldete Corona-Neunfizierungen in der Altersjahrgruppe 15-34",518
2022,32,"Münster gesamt","gemeldete Corona-Neunfizierungen in der Altersjahrgruppe 35-59",559
2022,32,"Münster gesamt","gemeldete Corona-Neunfizierungen in der Altersjahrgruppe 5-14",107
2022,32,"Münster gesamt","gemeldete Corona-Neunfizierungen in der Altersjahrgruppe 60-79",176
2022,32,"Münster gesamt","gemeldete Corona-Neunfizierungen in der Altersjahrgruppe 80 und mehr",64
2022,33,"Münster gesamt","gemeldete Corona-Neunfizierungen in der Altersjahrgruppe 0-4",37
2022,33,"Münster gesamt","gemeldete Corona-Neunfizierungen in der Altersjahrgruppe 15-34",446
2022,33,"Münster gesamt","gemeldete Corona-Neunfizierungen in der Altersjahrgruppe 35-59",487
2022,33,"Münster gesamt","gemeldete Corona-Neunfizierungen in der Altersjahrgruppe 5-14",107
2022,33,"Münster gesamt","gemeldete Corona-Neunfizierungen in der Altersjahrgruppe 60-79",181
2022,33,"Münster gesamt","gemeldete Corona-Neunfizierungen in der Altersjahrgruppe 80 und mehr",81
2022,34,"Münster gesamt","gemeldete Corona-Neunfizierungen in der Altersjahrgruppe 0-4",29
2022,34,"Münster gesamt","gemeldete Corona-Neunfizierungen in der Altersjahrgruppe 15-34",312
2022,34,"Münster gesamt","gemeldete Corona-Neunfizierungen in der Altersjahrgruppe 35-59",399
2022,34,"Münster gesamt","gemeldete Corona-Neunfizierungen in der Altersjahrgruppe 5-14",88
2022,34,"Münster gesamt","gemeldete Corona-Neunfizierungen in der Altersjahrgruppe 60-79",128
2022,34,"Münster gesamt","gemeldete Corona-Neunfizierungen in der Altersjahrgruppe 80 und mehr",57
2022,34,"Münster gesamt","gemeldete Corona-Neunfizierungen ohne Altersangabe",1
2022,35,"Münster gesamt","gemeldete Corona-Neunfizierungen in der Altersjahrgruppe 0-4",11
2022,35,"Münster gesamt","gemeldete Corona-Neunfizierungen in der Altersjahrgruppe 15-34",320
2022,35,"Münster gesamt","gemeldete Corona-Neunfizierungen in der Altersjahrgruppe 35-59",372
2022,35,"Münster gesamt","gemeldete Corona-Neunfizierungen in der Altersjahrgruppe 5-14",91
2022,35,"Münster gesamt","gemeldete Corona-Neunfizierungen in der Altersjahrgruppe 60-79",131
2022,35,"Münster gesamt","gemeldete Corona-Neunfizierungen in der Altersjahrgruppe 80 und mehr",36
2022,36,"Münster gesamt","gemeldete Corona-Neunfizierungen in der Altersjahrgruppe 0-4",24
2022,36,"Münster gesamt","gemeldete Corona-Neunfizierungen in der Altersjahrgruppe 15-34",262
2022,36,"Münster gesamt","gemeldete Corona-Neunfizierungen in der Altersjahrgruppe 35-59",373
2022,36,"Münster gesamt","gemeldete Corona-Neunfizierungen in der Altersjahrgruppe 5-14",62
2022,36,"Münster gesamt","gemeldete Corona-Neunfizierungen in der Altersjahrgruppe 60-79",143
2022,36,"Münster gesamt","gemeldete Corona-Neunfizierungen in der Altersjahrgruppe 80 und mehr",34
2022,37,"Münster gesamt","gemeldete Corona-Neunfizierungen in der Altersjahrgruppe 0-4",10
2022,37,"Münster gesamt","gemeldete Corona-Neunfizierungen in der Altersjahrgruppe 15-34",284
2022,37,"Münster gesamt","gemeldete Corona-Neunfizierungen in der Altersjahrgruppe 35-59",299
2022,37,"Münster gesamt","gemeldete Corona-Neunfizierungen in der Altersjahrgruppe 5-14",37
2022,37,"Münster gesamt","gemeldete Corona-Neunfizierungen in der Altersjahrgruppe 60-79",151
2022,37,"Münster gesamt","gemeldete Corona-Neunfizierungen in der Altersjahrgruppe 80 und mehr",51
2022,38,"Münster gesamt","gemeldete Corona-Neunfizierungen in der Altersjahrgruppe 0-4",15
2022,38,"Münster gesamt","gemeldete Corona-Neunfizierungen in der Altersjahrgruppe 15-34",312
2022,38,"Münster gesamt","gemeldete Corona-Neunfizierungen in der Altersjahrgruppe 35-59",427
2022,38,"Münster gesamt","gemeldete Corona-Neunfizierungen in der Altersjahrgruppe 5-14",51
2022,38,"Münster gesamt","gemeldete Corona-Neunfizierungen in der Altersjahrgruppe 60-79",208
2022,38,"Münster gesamt","gemeldete Corona-Neunfizierungen in der Altersjahrgruppe 80 und mehr",26
2022,39,"Münster gesamt","gemeldete Corona-Neunfizierungen in der Altersjahrgruppe 0-4",13
2022,39,"Münster gesamt","gemeldete Corona-Neunfizierungen in der Altersjahrgruppe 15-34",509
2022,39,"Münster gesamt","gemeldete Corona-Neunfizierungen in der Altersjahrgruppe 35-59",641
2022,39,"Münster gesamt","gemeldete Corona-Neunfizierungen in der Altersjahrgruppe 5-14",91
2022,39,"Münster gesamt","gemeldete Corona-Neunfizierungen in der Altersjahrgruppe 60-79",310
2022,39,"Münster gesamt","gemeldete Corona-Neunfizierungen in der Altersjahrgruppe 80 und mehr",74
2022,40,"Münster gesamt","gemeldete Corona-Neunfizierungen in der Altersjahrgruppe 0-4",24
2022,40,"Münster gesamt","gemeldete Corona-Neunfizierungen in der Altersjahrgruppe 15-34",702
2022,40,"Münster gesamt","gemeldete Corona-Neunfizierungen in der Altersjahrgruppe 35-59",894
2022,40,"Münster gesamt","gemeldete Corona-Neunfizierungen in der Altersjahrgruppe 5-14",63
2022,40,"Münster gesamt","gemeldete Corona-Neunfizierungen in der Altersjahrgruppe 60-79",414
2022,40,"Münster gesamt","gemeldete Corona-Neunfizierungen in der Altersjahrgruppe 80 und mehr",104
2022,41,"Münster gesamt","gemeldete Corona-Neunfizierungen in der Altersjahrgruppe 0-4",17
2022,41,"Münster gesamt","gemeldete Corona-Neunfizierungen in der Altersjahrgruppe 15-34",777
2022,41,"Münster gesamt","gemeldete Corona-Neunfizierungen in der Altersjahrgruppe 35-59",953
2022,41,"Münster gesamt","gemeldete Corona-Neunfizierungen in der Altersjahrgruppe 5-14",55
2022,41,"Münster gesamt","gemeldete Corona-Neunfizierungen in der Altersjahrgruppe 60-79",461
2022,41,"Münster gesamt","gemeldete Corona-Neunfizierungen in der Altersjahrgruppe 80 und mehr",133
2022,42,"Münster gesamt","gemeldete Corona-Neunfizierungen in der Altersjahrgruppe 0-4",31
2022,42,"Münster gesamt","gemeldete Corona-Neunfizierungen in der Altersjahrgruppe 15-34",755
2022,42,"Münster gesamt","gemeldete Corona-Neunfizierungen in der Altersjahrgruppe 35-59",970
2022,42,"Münster gesamt","gemeldete Corona-Neunfizierungen in der Altersjahrgruppe 5-14",94
2022,42,"Münster gesamt","gemeldete Corona-Neunfizierungen in der Altersjahrgruppe 60-79",423
2022,42,"Münster gesamt","gemeldete Corona-Neunfizierungen in der Altersjahrgruppe 80 und mehr",126
2022,43,"Münster gesamt","gemeldete Corona-Neunfizierungen in der Altersjahrgruppe 0-4",28
2022,43,"Münster gesamt","gemeldete Corona-Neunfizierungen in der Altersjahrgruppe 15-34",496
2022,43,"Münster gesamt","gemeldete Corona-Neunfizierungen in der Altersjahrgruppe 35-59",747
2022,43,"Münster gesamt","gemeldete Corona-Neunfizierungen in der Altersjahrgruppe 5-14",104
2022,43,"Münster gesamt","gemeldete Corona-Neunfizierungen in der Altersjahrgruppe 60-79",265
2022,43,"Münster gesamt","gemeldete Corona-Neunfizierungen in der Altersjahrgruppe 80 und mehr",67
2022,44,"Münster gesamt","gemeldete Corona-Neunfizierungen in der Altersjahrgruppe 0-4",13
2022,44,"Münster gesamt","gemeldete Corona-Neunfizierungen in der Altersjahrgruppe 15-34",358
2022,44,"Münster gesamt","gemeldete Corona-Neunfizierungen in der Altersjahrgruppe 35-59",494
2022,44,"Münster gesamt","gemeldete Corona-Neunfizierungen in der Altersjahrgruppe 5-14",74
2022,44,"Münster gesamt","gemeldete Corona-Neunfizierungen in der Altersjahrgruppe 60-79",206
2022,44,"Münster gesamt","gemeldete Corona-Neunfizierungen in der Altersjahrgruppe 80 und mehr",62
2022,45,"Münster gesamt","gemeldete Corona-Neunfizierungen in der Altersjahrgruppe 0-4",10
2022,45,"Münster gesamt","gemeldete Corona-Neunfizierungen in der Altersjahrgruppe 15-34",308
2022,45,"Münster gesamt","gemeldete Corona-Neunfizierungen in der Altersjahrgruppe 35-59",425
2022,45,"Münster gesamt","gemeldete Corona-Neunfizierungen in der Altersjahrgruppe 5-14",68
2022,45,"Münster gesamt","gemeldete Corona-Neunfizierungen in der Altersjahrgruppe 60-79",167
2022,45,"Münster gesamt","gemeldete Corona-Neunfizierungen in der Altersjahrgruppe 80 und mehr",51
2022,46,"Münster gesamt","gemeldete Corona-Neunfizierungen in der Altersjahrgruppe 0-4",6
2022,46,"Münster gesamt","gemeldete Corona-Neunfizierungen in der Altersjahrgruppe 15-34",194
2022,46,"Münster gesamt","gemeldete Corona-Neunfizierungen in der Altersjahrgruppe 35-59",284
2022,46,"Münster gesamt","gemeldete Corona-Neunfizierungen in der Altersjahrgruppe 5-14",54
2022,46,"Münster gesamt","gemeldete Corona-Neunfizierungen in der Altersjahrgruppe 60-79",116
2022,46,"Münster gesamt","gemeldete Corona-Neunfizierungen in der Altersjahrgruppe 80 und mehr",38
2022,47,"Münster gesamt","gemeldete Corona-Neunfizierungen in der Altersjahrgruppe 0-4",7
2022,47,"Münster gesamt","gemeldete Corona-Neunfizierungen in der Altersjahrgruppe 15-34",234
2022,47,"Münster gesamt","gemeldete Corona-Neunfizierungen in der Altersjahrgruppe 35-59",314
2022,47,"Münster gesamt","gemeldete Corona-Neunfizierungen in der Altersjahrgruppe 5-14",34
2022,47,"Münster gesamt","gemeldete Corona-Neunfizierungen in der Altersjahrgruppe 60-79",103
2022,47,"Münster gesamt","gemeldete Corona-Neunfizierungen in der Altersjahrgruppe 80 und mehr",36
2022,48,"Münster gesamt","gemeldete Corona-Neunfizierungen in der Altersjahrgruppe 0-4",2
2022,48,"Münster gesamt","gemeldete Corona-Neunfizierungen in der Altersjahrgruppe 15-34",277
2022,48,"Münster gesamt","gemeldete Corona-Neunfizierungen in der Altersjahrgruppe 35-59",309
2022,48,"Münster gesamt","gemeldete Corona-Neunfizierungen in der Altersjahrgruppe 5-14",38
2022,48,"Münster gesamt","gemeldete Corona-Neunfizierungen in der Altersjahrgruppe 60-79",131
2022,48,"Münster gesamt","gemeldete Corona-Neunfizierungen in der Altersjahrgruppe 80 und mehr",47
2022,49,"Münster gesamt","gemeldete Corona-Neunfizierungen in der Altersjahrgruppe 0-4",7
2022,49,"Münster gesamt","gemeldete Corona-Neunfizierungen in der Altersjahrgruppe 15-34",265
2022,49,"Münster gesamt","gemeldete Corona-Neunfizierungen in der Altersjahrgruppe 35-59",333
2022,49,"Münster gesamt","gemeldete Corona-Neunfizierungen in der Altersjahrgruppe 5-14",28
2022,49,"Münster gesamt","gemeldete Corona-Neunfizierungen in der Altersjahrgruppe 60-79",144
2022,49,"Münster gesamt","gemeldete Corona-Neunfizierungen in der Altersjahrgruppe 80 und mehr",39
2022,50,"Münster gesamt","gemeldete Corona-Neunfizierungen in der Altersjahrgruppe 0-4",2
2022,50,"Münster gesamt","gemeldete Corona-Neunfizierungen in der Altersjahrgruppe 15-34",389
2022,50,"Münster gesamt","gemeldete Corona-Neunfizierungen in der Altersjahrgruppe 35-59",505
2022,50,"Münster gesamt","gemeldete Corona-Neunfizierungen in der Altersjahrgruppe 5-14",23
2022,50,"Münster gesamt","gemeldete Corona-Neunfizierungen in der Altersjahrgruppe 60-79",169
2022,50,"Münster gesamt","gemeldete Corona-Neunfizierungen in der Altersjahrgruppe 80 und mehr",67
2022,51,"Münster gesamt","gemeldete Corona-Neunfizierungen in der Altersjahrgruppe 0-4",8
2022,51,"Münster gesamt","gemeldete Corona-Neunfizierungen in der Altersjahrgruppe 15-34",456
2022,51,"Münster gesamt","gemeldete Corona-Neunfizierungen in der Altersjahrgruppe 35-59",553
2022,51,"Münster gesamt","gemeldete Corona-Neunfizierungen in der Altersjahrgruppe 5-14",23
2022,51,"Münster gesamt","gemeldete Corona-Neunfizierungen in der Altersjahrgruppe 60-79",230
2022,51,"Münster gesamt","gemeldete Corona-Neunfizierungen in der Altersjahrgruppe 80 und mehr",82
2022,52,"Münster gesamt","gemeldete Corona-Neunfizierungen in der Altersjahrgruppe 0-4",4
2022,52,"Münster gesamt","gemeldete Corona-Neunfizierungen in der Altersjahrgruppe 15-34",281
2022,52,"Münster gesamt","gemeldete Corona-Neunfizierungen in der Altersjahrgruppe 35-59",351
2022,52,"Münster gesamt","gemeldete Corona-Neunfizierungen in der Altersjahrgruppe 5-14",10
2022,52,"Münster gesamt","gemeldete Corona-Neunfizierungen in der Altersjahrgruppe 60-79",157
2022,52,"Münster gesamt","gemeldete Corona-Neunfizierungen in der Altersjahrgruppe 80 und mehr",73
2023,01,"Münster gesamt","gemeldete Corona-Neunfizierungen in der Altersjahrgruppe 0-4",5
2023,01,"Münster gesamt","gemeldete Corona-Neunfizierungen in der Altersjahrgruppe 15-34",234
2023,01,"Münster gesamt","gemeldete Corona-Neunfizierungen in der Altersjahrgruppe 35-59",261
2023,01,"Münster gesamt","gemeldete Corona-Neunfizierungen in der Altersjahrgruppe 5-14",14
2023,01,"Münster gesamt","gemeldete Corona-Neunfizierungen in der Altersjahrgruppe 60-79",94
2023,01,"Münster gesamt","gemeldete Corona-Neunfizierungen in der Altersjahrgruppe 80 und mehr",27
2023,02,"Münster gesamt","gemeldete Corona-Neunfizierungen in der Altersjahrgruppe 0-4",8
2023,02,"Münster gesamt","gemeldete Corona-Neunfizierungen in der Altersjahrgruppe 15-34",138
2023,02,"Münster gesamt","gemeldete Corona-Neunfizierungen in der Altersjahrgruppe 35-59",114
2023,02,"Münster gesamt","gemeldete Corona-Neunfizierungen in der Altersjahrgruppe 5-14",11
2023,02,"Münster gesamt","gemeldete Corona-Neunfizierungen in der Altersjahrgruppe 60-79",46
2023,02,"Münster gesamt","gemeldete Corona-Neunfizierungen in der Altersjahrgruppe 80 und mehr",25
2023,03,"Münster gesamt","gemeldete Corona-Neunfizierungen in der Altersjahrgruppe 0-4",5
2023,03,"Münster gesamt","gemeldete Corona-Neunfizierungen in der Altersjahrgruppe 15-34",94
2023,03,"Münster gesamt","gemeldete Corona-Neunfizierungen in der Altersjahrgruppe 35-59",107
2023,03,"Münster gesamt","gemeldete Corona-Neunfizierungen in der Altersjahrgruppe 5-14",23
2023,03,"Münster gesamt","gemeldete Corona-Neunfizierungen in der Altersjahrgruppe 60-79",23
2023,03,"Münster gesamt","gemeldete Corona-Neunfizierungen in der Altersjahrgruppe 80 und mehr",14
2023,04,"Münster gesamt","gemeldete Corona-Neunfizierungen in der Altersjahrgruppe 0-4",7
2023,04,"Münster gesamt","gemeldete Corona-Neunfizierungen in der Altersjahrgruppe 15-34",98
2023,04,"Münster gesamt","gemeldete Corona-Neunfizierungen in der Altersjahrgruppe 35-59",140
2023,04,"Münster gesamt","gemeldete Corona-Neunfizierungen in der Altersjahrgruppe 5-14",35
2023,04,"Münster gesamt","gemeldete Corona-Neunfizierungen in der Altersjahrgruppe 60-79",41
2023,04,"Münster gesamt","gemeldete Corona-Neunfizierungen in der Altersjahrgruppe 80 und mehr",13
